#word,count
the,23135851162
of,13151942776
and,12997637966
to,12136980858
a,9081174698
in,8469404971
for,5933321709
is,4705743816
on,3750423199
that,3400031103
by,3350048871
this,3228469771
with,3183110675
i,3086225277
you,2996181025
it,2813163874
not,2633487141
or,2590739907
be,2398724162
are,2393614870
from,2275595356
at,2272272772
as,2247431740
your,2062066547
all,2022459848
have,1564202750
new,1551258643
more,1544771673
an,1518266684
was,1483428678
we,1390661912
will,1356293641
home,1276852170
can,1242323499
us,1229112622
about,1226734006
if,1134987907
page,1082121730
my,1059793441
has,1046319984
search,1024093118
free,1014107316
but,999899654
our,998757982
one,993536631
other,978481319
do,950751722
no,937112320
information,932594387
time,908705570
they,883223816
site,844310242
he,842847219
up,829969374
may,827822032
what,812395582
which,810514085
their,782849411
news,755424983
out,741601852
use,719980257
any,710741293
there,701170205
see,681410380
only,661844114
so,661809559
his,660177731
when,650621178
contact,645824184
here,639711198
business,637134177
who,630927278
web,619571575
also,616829742
now,611387736
help,611054034
get,605984508
pm,604577485
view,602279334
online,601317059
c,596623239
e,593086170
first,578161543
am,576436203
been,575019382
would,572644147
how,571848080
were,570699558
me,566617666
s,565123981
services,562206804
some,548829454
these,541003982
click,536746424
its,525627757
like,520585287
service,519537222
x,508609523
than,502609275